<?xml version="1.0" encoding="UTF-8" standalone="yes"?>
<addon id="plugin.program.crazycajun19wizard" name="[COLORred]Crazy Cajun 19 Wizard[/COLOR]" version="1.0.1" provider-name="123KingKong">
	<requires>
		<import addon="xbmc.python" version="3.0.0"/>
	</requires>
	<extension point="xbmc.python.pluginsource" library="addon.py">
		<provides>executable</provides>
	</extension>
	<extension point="xbmc.service" library="service.py" />
	<extension point="xbmc.addon.metadata">
		<summary lang="en_GB">CRAZY CAJUN 19 WIZARD</summary>
		<description lang="en_GB">123kingkong new kodi 19 wizard</description>
		<disclaimer lang="en_GB">This Addon contains no content</disclaimer>
		<language>en</language>
		<platform>all</platform>
		<license>GPL-2.0-or-later</license>
		<forum></forum>
		<website></website> 
		<email></email>
		<source></source>
		<news>0.0.1 release
		</news>
		<assets>
				<icon>resources/icon.png</icon>
				<fanart>resources/fanart.jpg</fanart>
				<banner></banner>
				<clearlogo></clearlogo>
				<screenshot></screenshot>
		</assets>
	</extension>
</addon>