<?xml version="1.0" encoding="UTF-8" standalone="yes"?>
<addon id="CrazyCajun" name="Crazy Cajun Repo" version="1.0" provider-name="123KingKong">
    <extension point="xbmc.addon.repository" name="Crazy Cajun Repo">
        <dir>
            <info compressed="false">https://raw.githubusercontent.com/123KingKong/CrazyCajun/master/repo/zips/addons.xml</info>
            <checksum>https://raw.githubusercontent.com/123KingKong/CrazyCajun/master/repo/zips/addons.xml.md5</checksum>
            <datadir zip="true">https://raw.githubusercontent.com/123KingKong/CrazyCajun/master/repo/zips/</datadir>
        </dir>
    </extension>
    <extension point="xbmc.addon.metadata">
        <summary>Crazy Cajun Repo</summary>
        <description>Offical Crazy Cajun Repo</description>
        <disclaimer></disclaimer>
        <platform>all</platform>
        <assets>
            <icon>icon.png</icon>
            <fanart>fanart.jpg</fanart>
        </assets>
    </extension>
</addon>